{
    "curves": [
        {
            "cvs": [
                [
                    0.0,
                    1.3053986200076474e-05,
                    -0.49371051582447023
                ],
                [
                    0.0,
                    1.3053986200076474e-05,
                    -0.49371051582447023
                ],
                [
                    0.0,
                    1.3053986200076474e-05,
                    -0.49371051582447023
                ],
                [
                    0.0,
                    1.1897303878550705e-05,
                    -0.4498020286976945
                ],
                [
                    0.0,
                    1.1897303878550705e-05,
                    -0.4498020286976945
                ],
                [
                    0.0,
                    1.1897303878550705e-05,
                    -0.4498020286976945
                ],
                [
                    0.17641586575645615,
                    1.1236342551964557e-05,
                    -0.425905467655966
                ],
                [
                    0.3259740637280794,
                    8.592497245619957e-06,
                    -0.3259740637280794
                ],
                [
                    0.425905467655966,
                    4.626729286103051e-06,
                    -0.17641586575645615
                ],
                [
                    0.49371051582447023,
                    0.0,
                    0.0
                ],
                [
                    0.49371051582447023,
                    0.0,
                    0.0
                ],
                [
                    0.49371051582447023,
                    0.0,
                    0.0
                ],
                [
                    0.4498020286976945,
                    0.0,
                    0.0
                ],
                [
                    0.4498020286976945,
                    0.0,
                    0.0
                ],
                [
                    0.4498020286976945,
                    0.0,
                    0.0
                ],
                [
                    0.425905467655966,
                    -4.626729286103051e-06,
                    0.17641586575645615
                ],
                [
                    0.3259740637280794,
                    -8.592497245619957e-06,
                    0.3259740637280794
                ],
                [
                    0.17641586575645615,
                    -1.1236342551964557e-05,
                    0.425905467655966
                ],
                [
                    0.0,
                    -1.3053986200076474e-05,
                    0.49371051582447023
                ],
                [
                    0.0,
                    -1.3053986200076474e-05,
                    0.49371051582447023
                ],
                [
                    0.0,
                    -1.3053986200076474e-05,
                    0.49371051582447023
                ],
                [
                    0.0,
                    -1.1897303878550705e-05,
                    0.4498020286976945
                ],
                [
                    0.0,
                    -1.1897303878550705e-05,
                    0.4498020286976945
                ],
                [
                    -0.17641586575645615,
                    -1.1236342551964557e-05,
                    0.425905467655966
                ],
                [
                    -0.3259740637280794,
                    -8.592497245619957e-06,
                    0.3259740637280794
                ],
                [
                    -0.425905467655966,
                    -4.626729286103051e-06,
                    0.17641586575645615
                ],
                [
                    -0.49371051582447023,
                    0.0,
                    0.0
                ],
                [
                    -0.49371051582447023,
                    0.0,
                    0.0
                ],
                [
                    -0.49371051582447023,
                    0.0,
                    0.0
                ],
                [
                    -0.4498020286976945,
                    0.0,
                    0.0
                ],
                [
                    -0.4498020286976945,
                    0.0,
                    0.0
                ],
                [
                    -0.425905467655966,
                    4.626729286103051e-06,
                    -0.17641586575645615
                ],
                [
                    -0.3259740637280794,
                    8.592497245619957e-06,
                    -0.3259740637280794
                ],
                [
                    -0.17641586575645615,
                    1.1236342551964557e-05,
                    -0.425905467655966
                ],
                [
                    0.0,
                    1.3053986200076474e-05,
                    -0.49371051582447023
                ],
                [
                    0.0,
                    1.3053986200076474e-05,
                    -0.49371051582447023
                ],
                [
                    0.0,
                    1.3053986200076474e-05,
                    -0.49371051582447023
                ]
            ],
            "degree": 3,
            "form": 0,
            "knots": [
                0.0,
                0.0,
                0.0,
                1.0,
                2.0,
                3.0,
                4.0,
                5.0,
                6.0,
                7.0,
                8.0,
                9.0,
                10.0,
                11.0,
                12.0,
                13.0,
                14.0,
                15.0,
                16.0,
                17.0,
                18.0,
                19.0,
                20.0,
                21.0,
                22.0,
                23.0,
                24.0,
                25.0,
                26.0,
                27.0,
                28.0,
                29.0,
                30.0,
                31.0,
                32.0,
                33.0,
                34.0,
                34.0,
                34.0
            ]
        },
        {
            "cvs": [
                [
                    0.3287527451450479,
                    8.592497245619957e-06,
                    -0.3287527451450479
                ],
                [
                    0.0,
                    1.2227784541843796e-05,
                    -0.4649266414936326
                ],
                [
                    -0.3287527451450479,
                    8.592497245619957e-06,
                    -0.3287527451450479
                ],
                [
                    -0.4649266414936326,
                    0.0,
                    0.0
                ],
                [
                    -0.3287527451450479,
                    -8.592497245619957e-06,
                    0.3287527451450479
                ],
                [
                    0.0,
                    -1.2227784541843796e-05,
                    0.4649266414936326
                ],
                [
                    0.3287527451450479,
                    -8.592497245619957e-06,
                    0.3287527451450479
                ],
                [
                    0.4649266414936326,
                    0.0,
                    0.0
                ],
                [
                    0.3287527451450479,
                    8.592497245619957e-06,
                    -0.3287527451450479
                ],
                [
                    0.0,
                    1.2227784541843796e-05,
                    -0.4649266414936326
                ],
                [
                    -0.3287527451450479,
                    8.592497245619957e-06,
                    -0.3287527451450479
                ]
            ],
            "degree": 3,
            "form": 0,
            "knots": [
                -2.0,
                -1.0,
                0.0,
                1.0,
                2.0,
                3.0,
                4.0,
                5.0,
                6.0,
                7.0,
                8.0,
                9.0,
                10.0
            ]
        }
    ],
    "node": "transform7"
}