{
    "curves": [
        {
            "cvs": [
                [
                    0.08098296767263723,
                    7.078051567077637e-08,
                    -0.3648849795774266
                ],
                [
                    0.061381473184011257,
                    7.078051567077637e-08,
                    -0.3844864740660526
                ],
                [
                    0.0613814679156552,
                    7.078051567077637e-08,
                    -0.4039302113984849
                ],
                [
                    0.055373019777387227,
                    7.078051567077637e-08,
                    -0.4224223031845886
                ],
                [
                    0.04394426828384163,
                    7.078051567077637e-08,
                    -0.4381526041840046
                ],
                [
                    0.028213967284425677,
                    7.078051567077637e-08,
                    -0.4495813556775502
                ],
                [
                    0.00972185969325377,
                    7.078051567077637e-08,
                    -0.45558977747403784
                ],
                [
                    -0.009721869736644476,
                    7.078051567077637e-08,
                    -0.4555897748398598
                ],
                [
                    -0.02297931108389402,
                    7.078051567077637e-08,
                    -0.4512821798954062
                ],
                [
                    0.011508275599356771,
                    7.078051567077637e-08,
                    -0.4167945932121554
                ],
                [
                    0.014502662989175017,
                    7.078051567077637e-08,
                    -0.40138011962205583
                ],
                [
                    -0.007171775326037352,
                    7.078051567077637e-08,
                    -0.37970568130684346
                ],
                [
                    -0.02258624957468143,
                    7.078051567077637e-08,
                    -0.38270006935520623
                ],
                [
                    -0.057073832965209674,
                    7.078051567077637e-08,
                    -0.41718765274573444
                ],
                [
                    -0.06138142790966331,
                    7.078051567077637e-08,
                    -0.40393021139848495
                ],
                [
                    -0.06138142790966332,
                    7.078051567077637e-08,
                    -0.38448647933440866
                ],
                [
                    -0.055372986356840424,
                    7.078051567077637e-08,
                    -0.36599439413375
                ],
                [
                    -0.04394426119762679,
                    7.078051567077637e-08,
                    -0.3502640773218175
                ],
                [
                    -0.028213945717680024,
                    7.078051567077637e-08,
                    -0.3388353534945896
                ],
                [
                    -0.0097218618341104,
                    7.078051567077637e-08,
                    -0.3328269132588557
                ],
                [
                    0.009721867595787845,
                    7.078051567077637e-08,
                    -0.33282691589303376
                ],
                [
                    0.029323380523660035,
                    7.078051567077637e-08,
                    -0.31322540296516155
                ]
            ],
            "degree": 1,
            "form": 0,
            "knots": [
                0.0,
                1.0,
                2.0,
                3.0,
                4.0,
                5.0,
                6.0,
                7.0,
                8.0,
                9.0,
                10.0,
                11.0,
                12.0,
                13.0,
                14.0,
                15.0,
                16.0,
                17.0,
                18.0,
                19.0,
                20.0,
                21.0
            ]
        },
        {
            "cvs": [
                [
                    0.0,
                    0.0,
                    0.0
                ],
                [
                    0.0,
                    7.913928129710257e-06,
                    -0.29569974233196367
                ]
            ],
            "degree": 1,
            "form": 0,
            "knots": [
                0.0,
                1.0
            ]
        },
        {
            "cvs": [
                [
                    -0.007185931077418547,
                    0.00046820309915518785,
                    -0.48518257663908415
                ],
                [
                    -0.007976888492909558,
                    0.0004770768889280281,
                    -0.495232651337072
                ],
                [
                    0.0077346795762494695,
                    0.00047766769412269355,
                    -0.49564313522656755
                ],
                [
                    0.0069404684219389855,
                    0.00046820309915518785,
                    -0.48555165329806566
                ],
                [
                    0.02092161710175751,
                    0.00046650635469929543,
                    -0.48333724355185936
                ],
                [
                    0.02328472887815776,
                    0.0004753044733440327,
                    -0.49318024937187505
                ],
                [
                    0.03810045257127722,
                    0.00047057803178671186,
                    -0.4879347267962666
                ],
                [
                    0.03424256825545783,
                    0.00046254728430221437,
                    -0.4786209516170915
                ],
                [
                    0.04680340859894674,
                    0.00045632588796394385,
                    -0.47222089491078434
                ],
                [
                    0.0520707857429181,
                    0.0004640791746453964,
                    -0.4808164851096442
                ],
                [
                    0.06502298600329717,
                    0.0004563987071147499,
                    -0.4719135475821769
                ],
                [
                    0.05844882904070171,
                    0.0004495389101403756,
                    -0.46421618400143116
                ],
                [
                    0.06845823221502406,
                    0.00044048960637561765,
                    -0.4542067808271089
                ],
                [
                    0.07615559579576964,
                    0.0004463550188054429,
                    -0.4607809377897044
                ],
                [
                    0.08540961243178982,
                    0.0004351297201068062,
                    -0.4480438744434707
                ],
                [
                    0.0767785988113601,
                    0.00043030913964026634,
                    -0.442754777106337
                ],
                [
                    0.08286299983068443,
                    0.0004189975099343197,
                    -0.4300005200418648
                ],
                [
                    0.0925571718987653,
                    0.00042272281101883927,
                    -0.43401598961236526
                ],
                [
                    0.09742229758546672,
                    0.00040913429154154196,
                    -0.4190426806645644
                ],
                [
                    0.08757929176545265,
                    0.0004071202987430755,
                    -0.41667956888816415
                ],
                [
                    0.08979370151165822,
                    0.000394677506066534,
                    -0.4026984202083455
                ],
                [
                    0.09988518344016012,
                    0.0003955457720642447,
                    -0.40349263136265623
                ],
                [
                    0.09988518344016012,
                    0.00038136644739228235,
                    -0.38774875604359127
                ],
                [
                    0.08979370151165822,
                    0.0003822347133899931,
                    -0.3885429671979021
                ],
                [
                    0.08757929176545265,
                    0.0003697919207134514,
                    -0.37456181851808296
                ],
                [
                    0.09742229758546672,
                    0.0003677779279149853,
                    -0.37219870674168304
                ],
                [
                    0.09217677500985885,
                    0.0003541894084376882,
                    -0.35738298304856414
                ],
                [
                    0.08320503128579704,
                    0.0003579147095222074,
                    -0.36109919802604873
                ],
                [
                    0.07646294312437665,
                    0.00034660307981626093,
                    -0.34868002702089473
                ],
                [
                    0.08505853332323607,
                    0.00034178249934972065,
                    -0.3434126498769229
                ],
                [
                    0.07615559579576964,
                    0.00033055720065108373,
                    -0.33046044961654397
                ],
                [
                    0.06817671775074638,
                    0.0003364226130809087,
                    -0.3372750511608101
                ],
                [
                    0.05820840119492463,
                    0.00032793889080144856,
                    -0.32730671786909504
                ],
                [
                    0.06502298600329717,
                    0.0003205135123417774,
                    -0.3193278398240721
                ],
                [
                    0.0520707857429181,
                    0.0003128330448111308,
                    -0.31042490229660447
                ],
                [
                    0.046996825319929846,
                    0.0003200207500072859,
                    -0.3187048368084813
                ],
                [
                    0.03438423759379156,
                    0.0003143649351543126,
                    -0.31227842106993736
                ],
                [
                    0.03810047005355537,
                    0.0003063341876698148,
                    -0.3033066606099826
                ],
                [
                    0.02328472887815776,
                    0.0003016077461124943,
                    -0.2980611380343739
                ],
                [
                    0.02092161710175751,
                    0.0003104058647572316,
                    -0.3079041438543873
                ],
                [
                    0.0069404684219389855,
                    0.00030870912030133926,
                    -0.3056897341081817
                ],
                [
                    0.0077346795762494695,
                    0.0002992445253338333,
                    -0.29559825217968105
                ],
                [
                    -0.007976888492909558,
                    0.00029983533052849913,
                    -0.2960087360691754
                ],
                [
                    -0.007185931077418547,
                    0.00030870912030133926,
                    -0.3060587940312708
                ],
                [
                    -0.021109709114377196,
                    0.0003109714462425286,
                    -0.3082641161873145
                ],
                [
                    -0.023559245044723714,
                    0.0003016077461124943,
                    -0.2980611380343739
                ],
                [
                    -0.03837496873784319,
                    0.0003063341876698148,
                    -0.3033066606099826
                ],
                [
                    -0.034658753760357604,
                    0.0003143649351543126,
                    -0.3122784043340441
                ],
                [
                    -0.04707792476551261,
                    0.0003205863314925834,
                    -0.3190204924954649
                ],
                [
                    -0.05256043882362913,
                    0.00031224223961646595,
                    -0.31007382318805166
                ],
                [
                    -0.06503009324423611,
                    0.00032110431753644246,
                    -0.31964094742461874
                ],
                [
                    -0.058723345207267526,
                    0.0003273733093161519,
                    -0.3270252034048175
                ],
                [
                    -0.06845123391731223,
                    0.0003364226130809087,
                    -0.33727503442491685
                ],
                [
                    -0.0764301119623356,
                    0.00033055720065108373,
                    -0.33046044961654397
                ],
                [
                    -0.08533304948980197,
                    0.00034178249934972065,
                    -0.3434126498769229
                ],
                [
                    -0.07705311497792591,
                    0.00034660307981626093,
                    -0.3484866102999107
                ],
                [
                    -0.08347953071646938,
                    0.0003579147095222074,
                    -0.36109919802604873
                ],
                [
                    -0.09283168806533118,
                    0.0003541894084376882,
                    -0.35722539779388274
                ],
                [
                    -0.09769681375203276,
                    0.0003677779279149853,
                    -0.37219870674168304
                ],
                [
                    -0.08785380793201875,
                    0.0003697919207134514,
                    -0.37456181851808296
                ],
                [
                    -0.09006821767822418,
                    0.0003822347133899931,
                    -0.3885429671979021
                ],
                [
                    -0.10015969960672627,
                    0.00038136644739228235,
                    -0.38774875604359127
                ],
                [
                    -0.10015969960672627,
                    0.0003955457720642447,
                    -0.40349263136265623
                ],
                [
                    -0.08969915775513665,
                    0.000394677506066534,
                    -0.40266936669725945
                ],
                [
                    -0.08749383559909271,
                    0.0004071202987430755,
                    -0.4165931447342184
                ],
                [
                    -0.09729643461927218,
                    0.00040913429154154196,
                    -0.41894654561736167
                ],
                [
                    -0.09245129117642473,
                    0.00042272281101883927,
                    -0.4338584043576844
                ],
                [
                    -0.08313751599725042,
                    0.0004189975099343197,
                    -0.4300005200418648
                ],
                [
                    -0.07673745929094275,
                    0.00043030913964026634,
                    -0.4425613603853531
                ],
                [
                    -0.08568412859835559,
                    0.0004351297201068062,
                    -0.4480438744434707
                ],
                [
                    -0.0764301119623356,
                    0.0004463550188054429,
                    -0.4607809377897044
                ],
                [
                    -0.06873274838158991,
                    0.00044048960637561765,
                    -0.4542067808271089
                ],
                [
                    -0.05848291736149045,
                    0.0004489733286550781,
                    -0.4639346695371536
                ],
                [
                    -0.06529750216986302,
                    0.0004563987071147499,
                    -0.4719135475821769
                ],
                [
                    -0.05256043882362913,
                    0.00046466997984006105,
                    -0.48116756421819656
                ],
                [
                    -0.04707792476551261,
                    0.00045632588796394385,
                    -0.47222089491078434
                ],
                [
                    -0.034658753760357604,
                    0.00046254728430221437,
                    -0.47896296633631064
                ],
                [
                    -0.03837498622012125,
                    0.00047057803178671186,
                    -0.4879347267962666
                ],
                [
                    -0.023559245044723714,
                    0.0004753044733440327,
                    -0.49318024937187505
                ],
                [
                    -0.021109709114377196,
                    0.00046594077321399834,
                    -0.48297727121893413
                ],
                [
                    -0.007214984588504978,
                    0.00046820309915518785,
                    -0.48555165329806566
                ]
            ],
            "degree": 1,
            "form": 0,
            "knots": [
                0.0,
                1.0,
                2.0,
                3.0,
                4.0,
                5.0,
                6.0,
                7.0,
                8.0,
                9.0,
                10.0,
                11.0,
                12.0,
                13.0,
                14.0,
                15.0,
                16.0,
                17.0,
                18.0,
                19.0,
                20.0,
                21.0,
                22.0,
                23.0,
                24.0,
                25.0,
                26.0,
                27.0,
                28.0,
                29.0,
                30.0,
                31.0,
                32.0,
                33.0,
                34.0,
                35.0,
                36.0,
                37.0,
                38.0,
                39.0,
                40.0,
                41.0,
                42.0,
                43.0,
                44.0,
                45.0,
                46.0,
                47.0,
                48.0,
                49.0,
                50.0,
                51.0,
                52.0,
                53.0,
                54.0,
                55.0,
                56.0,
                57.0,
                58.0,
                59.0,
                60.0,
                61.0,
                62.0,
                63.0,
                64.0,
                65.0,
                66.0,
                67.0,
                68.0,
                69.0,
                70.0,
                71.0,
                72.0,
                73.0,
                74.0,
                75.0,
                76.0,
                77.0,
                78.0,
                79.0,
                80.0
            ]
        }
    ],
    "node": "curve1"
}