{
    "curves": [
        {
            "cvs": [
                [
                    -0.17338942463709234,
                    0.0,
                    -0.01625534858326646
                ],
                [
                    -0.17338942463709234,
                    -0.036498828794061106,
                    1.620873603960731e-17
                ],
                [
                    -0.17338942463709234,
                    0.0,
                    -0.036498828794061175
                ],
                [
                    -0.17338942463709234,
                    0.036498828794061106,
                    1.620873603960731e-17
                ],
                [
                    -0.17338942463709234,
                    0.0,
                    -0.01625534858326646
                ],
                [
                    -0.17338942463709234,
                    -0.036498828794061106,
                    1.620873603960731e-17
                ],
                [
                    -0.17338942463709234,
                    0.0,
                    -0.036498828794061175
                ],
                [
                    -0.1733894246370925,
                    5.186795532674339e-16,
                    -0.4633981446548488
                ],
                [
                    -0.13689059584303084,
                    0.0,
                    -0.4998969734489084
                ],
                [
                    0.13652692909089176,
                    0.0,
                    -0.4998969734489084
                ],
                [
                    0.17302575788495228,
                    5.186795532674339e-16,
                    -0.4633981446548488
                ],
                [
                    0.17302575788495228,
                    0.0,
                    -0.036498828794061175
                ],
                [
                    0.17302575788495228,
                    -0.036498828794061106,
                    4.0521840099018275e-18
                ],
                [
                    0.17302575788495228,
                    0.0,
                    -0.01625534858326646
                ],
                [
                    0.17302575788495228,
                    0.036498828794061106,
                    4.0521840099018275e-18
                ],
                [
                    0.17302575788495228,
                    0.0,
                    -0.036498828794061175
                ]
            ],
            "degree": 1,
            "form": 0,
            "knots": [
                0.0,
                1.0,
                2.0,
                3.0,
                4.0,
                5.0,
                6.0,
                7.0,
                8.0,
                9.0,
                10.0,
                11.0,
                12.0,
                13.0,
                14.0,
                15.0
            ]
        }
    ],
    "node": "null1"
}