{
    "curves": [
        {
            "cvs": [
                [
                    0.0,
                    0.0,
                    0.0
                ],
                [
                    0.0,
                    7.913928368811427e-06,
                    -0.2967723138326029
                ],
                [
                    -0.019299103568534155,
                    7.913928368943207e-06,
                    -0.29867264588217773
                ],
                [
                    -0.03785627635248679,
                    7.913928368855356e-06,
                    -0.30430241667558183
                ],
                [
                    -0.055313413093166626,
                    7.913928368943207e-06,
                    -0.3129137599819577
                ],
                [
                    -0.07040032828736988,
                    8.903169414981478e-06,
                    -0.3252960901561002
                ],
                [
                    -0.08225242526079783,
                    8.903169414970504e-06,
                    -0.34073715364481066
                ],
                [
                    -0.09139400176788828,
                    9.892410461107627e-06,
                    -0.35784014209098336
                ],
                [
                    -0.09702377256129278,
                    9.89241046114057e-06,
                    -0.37639731487493505
                ],
                [
                    -0.09892410461086737,
                    1.088165150725573e-05,
                    -0.3956964184434695
                ],
                [
                    -0.09764897290243321,
                    1.0881651507266698e-05,
                    -0.41512016638381394
                ],
                [
                    -0.09139400176788828,
                    1.1870892553293996e-05,
                    -0.4335526947959568
                ],
                [
                    -0.08225242526079783,
                    1.1870892553315982e-05,
                    -0.45065568324212885
                ],
                [
                    -0.07040032828736988,
                    1.1870892553315982e-05,
                    -0.4660977359718861
                ],
                [
                    -0.055313413093166626,
                    1.286013359943115e-05,
                    -0.4784790769049824
                ],
                [
                    -0.03785627635248679,
                    1.2860133599519013e-05,
                    -0.4870904202113583
                ],
                [
                    -0.019423747940343843,
                    1.2860133599519013e-05,
                    -0.4933453913459039
                ],
                [
                    0.0,
                    1.2860133599453088e-05,
                    -0.4946205230543371
                ],
                [
                    0.019423747940343843,
                    1.2860133599519013e-05,
                    -0.4933453913459039
                ],
                [
                    0.03810061889087558,
                    1.2860133599475076e-05,
                    -0.48767901863379326
                ],
                [
                    0.055313413093166626,
                    1.286013359943115e-05,
                    -0.4784790769049824
                ],
                [
                    0.07040032828736988,
                    1.1870892553315982e-05,
                    -0.4660977359718861
                ],
                [
                    0.0827826584615122,
                    1.1870892553315982e-05,
                    -0.4510098315366369
                ],
                [
                    0.09198358943136908,
                    1.1870892553315982e-05,
                    -0.4337970373343452
                ],
                [
                    0.09764897290243321,
                    1.0881651507266698e-05,
                    -0.41512016638381394
                ],
                [
                    0.0995621650856077,
                    1.088165150725573e-05,
                    -0.3956964184434695
                ],
                [
                    0.09764897290243321,
                    9.89241046112959e-06,
                    -0.3762726705031264
                ],
                [
                    0.09198358943136908,
                    9.892410461107627e-06,
                    -0.35759579955259485
                ],
                [
                    0.0827826584615122,
                    8.903169414970504e-06,
                    -0.3403830053503034
                ],
                [
                    0.07040032828736988,
                    8.903169414981478e-06,
                    -0.3252960901561002
                ],
                [
                    0.055313413093166626,
                    7.913928368943207e-06,
                    -0.3129137599819577
                ],
                [
                    0.03810061889087558,
                    7.913928368910242e-06,
                    -0.3037128290121011
                ],
                [
                    0.019423747940343843,
                    7.913928368910242e-06,
                    -0.29804744554103674
                ],
                [
                    0.0,
                    7.913928368811427e-06,
                    -0.2967723138326029
                ]
            ],
            "degree": 1,
            "form": 0,
            "knots": [
                0.0,
                1.0,
                2.0,
                3.0,
                4.0,
                5.0,
                6.0,
                7.0,
                8.0,
                9.0,
                10.0,
                11.0,
                12.0,
                13.0,
                14.0,
                15.0,
                16.0,
                17.0,
                18.0,
                19.0,
                20.0,
                21.0,
                22.0,
                23.0,
                24.0,
                25.0,
                26.0,
                27.0,
                28.0,
                29.0,
                30.0,
                31.0,
                32.0,
                33.0
            ]
        }
    ],
    "node": "transform4"
}