{
    "curves": [
        {
            "cvs": [
                [
                    0.07244147310684602,
                    -3.1072978936361454e-17,
                    -0.34615341932471505
                ],
                [
                    0.09164827329213096,
                    0.0,
                    -0.40165232559416647
                ],
                [
                    0.08467085211006671,
                    4.660946840454226e-17,
                    -0.4367297502531356
                ],
                [
                    0.06480073510963971,
                    1.5536489468180727e-17,
                    -0.46646425592431484
                ],
                [
                    0.03506483003589689,
                    -1.5536489468180727e-17,
                    -0.48633297352217864
                ],
                [
                    -1.2594623072318007e-05,
                    -1.5536489468180727e-17,
                    -0.49330899530167893
                ],
                [
                    -0.03509001928204156,
                    6.214595787272291e-17,
                    -0.48633017471705137
                ],
                [
                    -0.06482592435578433,
                    -1.5536489468180727e-17,
                    -0.46646145711918724
                ],
                [
                    -0.08469324255108426,
                    1.5536489468180727e-17,
                    -0.4367241526428811
                ],
                [
                    -0.09167066373314829,
                    1.5536489468180727e-17,
                    -0.4016467279839117
                ],
                [
                    -0.07246106474273617,
                    3.1072978936361454e-17,
                    -0.34615062051958767
                ],
                [
                    -0.0071761363460940775,
                    3.1072978936361454e-17,
                    -0.2810196264049412
                ],
                [
                    0.0,
                    -1.2137882397016193e-19,
                    -0.0012804533456856637
                ],
                [
                    0.0,
                    -1.2137882397016193e-19,
                    -0.0012804533456856637
                ],
                [
                    0.0,
                    -1.2137882397016193e-19,
                    -0.0012804533456856637
                ],
                [
                    0.007162142320458176,
                    3.1072978936361454e-17,
                    -0.2810196264049412
                ],
                [
                    0.07244147310684602,
                    -3.1072978936361454e-17,
                    -0.34615341932471505
                ],
                [
                    0.09164827329213096,
                    0.0,
                    -0.40165232559416647
                ],
                [
                    0.08467085211006671,
                    4.660946840454226e-17,
                    -0.4367297502531356
                ]
            ],
            "degree": 3,
            "form": 0,
            "knots": [
                -2.0,
                -1.0,
                0.0,
                1.0,
                2.0,
                3.0,
                4.0,
                5.0,
                6.0,
                7.0,
                8.0,
                9.0,
                10.0,
                11.0,
                12.0,
                13.0,
                14.0,
                15.0,
                16.0,
                17.0,
                18.0
            ]
        }
    ],
    "node": "transform6"
}