{
    "curves": [
        {
            "cvs": [
                [
                    0.0,
                    7.966706819241169e-06,
                    -0.29454508451955824
                ],
                [
                    0.0,
                    7.966706819241169e-06,
                    -0.29454508451955824
                ],
                [
                    0.0,
                    7.966706819241169e-06,
                    -0.29454508451955824
                ],
                [
                    0.033450363463027384,
                    7.966706819241169e-06,
                    -0.29454508451955824
                ],
                [
                    0.07805105235493089,
                    7.966706819241169e-06,
                    -0.29454508451955824
                ],
                [
                    0.1003517032126836,
                    7.966706819241169e-06,
                    -0.29454508451955824
                ],
                [
                    0.1003517032126836,
                    8.579530420695112e-06,
                    -0.31684573537731137
                ],
                [
                    0.1003517032126836,
                    9.805177623711822e-06,
                    -0.36144642426921414
                ],
                [
                    0.1003517032126836,
                    1.1030824826524404e-05,
                    -0.4283471511952696
                ],
                [
                    0.1003517032126836,
                    1.225647202962275e-05,
                    -0.4729478400871737
                ],
                [
                    0.1003517032126836,
                    1.2869295631076676e-05,
                    -0.4952478781213245
                ],
                [
                    0.07805105235493089,
                    1.2869295631076676e-05,
                    -0.4952478781213245
                ],
                [
                    0.033450363463027384,
                    1.2869295631076676e-05,
                    -0.4952478781213245
                ],
                [
                    -0.033450363463027384,
                    1.2869295631076676e-05,
                    -0.4952478781213245
                ],
                [
                    -0.07805105235493089,
                    1.2869295631076676e-05,
                    -0.4952478781213245
                ],
                [
                    -0.1003517032126836,
                    1.2869295631076676e-05,
                    -0.4952478781213245
                ],
                [
                    -0.1003517032126836,
                    1.225647202962275e-05,
                    -0.4729478400871737
                ],
                [
                    -0.1003517032126836,
                    1.1030824826524404e-05,
                    -0.4283471511952696
                ],
                [
                    -0.1003517032126836,
                    9.805177623711822e-06,
                    -0.36144642426921414
                ],
                [
                    -0.1003517032126836,
                    8.579530420695112e-06,
                    -0.31684573537731137
                ],
                [
                    -0.1003517032126836,
                    7.966706819241169e-06,
                    -0.29454508451955824
                ],
                [
                    -0.07805105235493089,
                    7.966706819241169e-06,
                    -0.29454508451955824
                ],
                [
                    -0.033450363463027384,
                    7.966706819241169e-06,
                    -0.29454508451955824
                ],
                [
                    0.0,
                    7.966706819241169e-06,
                    -0.29454508451955824
                ],
                [
                    0.0,
                    7.966706819241169e-06,
                    -0.29454508451955824
                ],
                [
                    0.0,
                    7.966706819241169e-06,
                    -0.29454508451955824
                ],
                [
                    0.0,
                    0.0,
                    0.0
                ],
                [
                    0.0,
                    0.0,
                    0.0
                ],
                [
                    0.0,
                    0.0,
                    0.0
                ],
                [
                    0.0,
                    7.966706819241169e-06,
                    -0.29454508451955824
                ],
                [
                    0.0,
                    7.966706819241169e-06,
                    -0.29454508451955824
                ],
                [
                    0.0,
                    7.966706819241169e-06,
                    -0.29454508451955824
                ]
            ],
            "degree": 3,
            "form": 0,
            "knots": [
                0.0,
                0.0,
                0.0,
                1.0,
                2.0,
                3.0,
                4.0,
                5.0,
                6.0,
                7.0,
                8.0,
                9.0,
                10.0,
                11.0,
                12.0,
                13.0,
                14.0,
                15.0,
                16.0,
                17.0,
                18.0,
                19.0,
                20.0,
                21.0,
                22.0,
                23.0,
                24.0,
                25.0,
                26.0,
                27.0,
                28.0,
                29.0,
                29.0,
                29.0
            ]
        }
    ],
    "node": "transform5"
}