{
    "curves": [
        {
            "cvs": [
                [
                    -0.4974319530974249,
                    -1.9455483015579195e-06,
                    0.32799415151474554
                ],
                [
                    -0.4974319530974249,
                    -1.3618838110905444e-05,
                    0.32799415151474554
                ],
                [
                    0.32799415151474554,
                    7.782193206231678e-06,
                    -0.4974319530974249
                ],
                [
                    0.32799415151474554,
                    1.945548301557921e-05,
                    -0.4974319530974249
                ],
                [
                    -0.4974319530974249,
                    -1.9455483015579195e-06,
                    0.32799415151474554
                ],
                [
                    -0.32799415151474554,
                    -7.782193206231678e-06,
                    0.4974319530974249
                ],
                [
                    0.4974319530974249,
                    1.3618838110905444e-05,
                    -0.32799415151474554
                ],
                [
                    0.4974319530974249,
                    1.9455483015579195e-06,
                    -0.32799415151474554
                ],
                [
                    -0.32799415151474554,
                    -1.945548301557921e-05,
                    0.4974319530974249
                ],
                [
                    -0.32799415151474554,
                    -7.782193206231678e-06,
                    0.4974319530974249
                ],
                [
                    0.4974319530974249,
                    1.3618838110905444e-05,
                    -0.32799415151474554
                ],
                [
                    0.32799415151474554,
                    1.945548301557921e-05,
                    -0.4974319530974249
                ],
                [
                    0.32799415151474554,
                    7.782193206231678e-06,
                    -0.4974319530974249
                ],
                [
                    0.4974319530974249,
                    1.9455483015579195e-06,
                    -0.32799415151474554
                ],
                [
                    -0.32799415151474554,
                    -1.945548301557921e-05,
                    0.4974319530974249
                ],
                [
                    -0.4974319530974249,
                    -1.3618838110905444e-05,
                    0.32799415151474554
                ]
            ],
            "degree": 1,
            "form": 0,
            "knots": [
                0.0,
                1.0,
                2.0,
                3.0,
                4.0,
                5.0,
                6.0,
                7.0,
                8.0,
                9.0,
                10.0,
                11.0,
                12.0,
                13.0,
                14.0,
                15.0
            ]
        },
        {
            "cvs": [
                [
                    -0.3293073966182969,
                    1.945548301557921e-05,
                    -0.4961206535421749
                ],
                [
                    -0.3293073966182969,
                    7.782193206231678e-06,
                    -0.4961206535421749
                ],
                [
                    0.4961206535421749,
                    -1.3618838110905444e-05,
                    0.3293073966182969
                ],
                [
                    0.4961206535421749,
                    -1.9455483015579195e-06,
                    0.3293073966182969
                ],
                [
                    -0.3293073966182969,
                    1.945548301557921e-05,
                    -0.4961206535421749
                ],
                [
                    -0.4961206535421749,
                    1.3618838110905444e-05,
                    -0.3293073966182969
                ],
                [
                    0.3293073966182969,
                    -7.782193206231678e-06,
                    0.4961206535421749
                ],
                [
                    0.3293073966182969,
                    -1.945548301557921e-05,
                    0.4961206535421749
                ],
                [
                    -0.4961206535421749,
                    1.9455483015579195e-06,
                    -0.3293073966182969
                ],
                [
                    -0.4961206535421749,
                    1.3618838110905444e-05,
                    -0.3293073966182969
                ],
                [
                    0.3293073966182969,
                    -7.782193206231678e-06,
                    0.4961206535421749
                ],
                [
                    0.4961206535421749,
                    -1.9455483015579195e-06,
                    0.3293073966182969
                ],
                [
                    0.4961206535421749,
                    -1.3618838110905444e-05,
                    0.3293073966182969
                ],
                [
                    0.3293073966182969,
                    -1.945548301557921e-05,
                    0.4961206535421749
                ],
                [
                    -0.4961206535421749,
                    1.9455483015579195e-06,
                    -0.3293073966182969
                ],
                [
                    -0.3293073966182969,
                    7.782193206231678e-06,
                    -0.4961206535421749
                ]
            ],
            "degree": 1,
            "form": 0,
            "knots": [
                0.0,
                1.0,
                2.0,
                3.0,
                4.0,
                5.0,
                6.0,
                7.0,
                8.0,
                9.0,
                10.0,
                11.0,
                12.0,
                13.0,
                14.0,
                15.0
            ]
        }
    ],
    "node": "transform2"
}