{
    "curves": [
        {
            "cvs": [
                [
                    -0.49973233159924824,
                    0.49974565779475905,
                    -0.4997190054037367
                ],
                [
                    -0.49973233159924824,
                    -0.4997190054037367,
                    -0.49974565779475905
                ],
                [
                    0.49973233159924824,
                    -0.4997190054037367,
                    -0.49974565779475905
                ],
                [
                    0.49973233159924824,
                    0.49974565779475905,
                    -0.4997190054037367
                ],
                [
                    -0.49973233159924824,
                    0.49974565779475905,
                    -0.4997190054037367
                ],
                [
                    -0.49973233159924824,
                    0.4997190054037367,
                    0.49974565779475905
                ],
                [
                    0.49973233159924824,
                    0.4997190054037367,
                    0.49974565779475905
                ],
                [
                    0.49973233159924824,
                    -0.49974565779475905,
                    0.4997190054037367
                ],
                [
                    -0.49973233159924824,
                    -0.49974565779475905,
                    0.4997190054037367
                ],
                [
                    -0.49973233159924824,
                    0.4997190054037367,
                    0.49974565779475905
                ],
                [
                    0.49973233159924824,
                    0.4997190054037367,
                    0.49974565779475905
                ],
                [
                    0.49973233159924824,
                    0.49974565779475905,
                    -0.4997190054037367
                ],
                [
                    0.49973233159924824,
                    -0.4997190054037367,
                    -0.49974565779475905
                ],
                [
                    0.49973233159924824,
                    -0.49974565779475905,
                    0.4997190054037367
                ],
                [
                    -0.49973233159924824,
                    -0.49974565779475905,
                    0.4997190054037367
                ],
                [
                    -0.49973233159924824,
                    -0.4997190054037367,
                    -0.49974565779475905
                ]
            ],
            "degree": 1,
            "form": 0,
            "knots": [
                0.0,
                1.0,
                2.0,
                3.0,
                4.0,
                5.0,
                6.0,
                7.0,
                8.0,
                9.0,
                10.0,
                11.0,
                12.0,
                13.0,
                14.0,
                15.0
            ]
        }
    ],
    "node": "transform3"
}