{
    "curves": [
        {
            "cvs": [
                [
                    8.638784789891932e-17,
                    -0.19452813980345607,
                    -0.15562251184276474
                ],
                [
                    1.554981262180546e-16,
                    -0.3501506516462205,
                    -0.15562251184276474
                ],
                [
                    1.7277569579783864e-16,
                    -0.38905627960691214,
                    -0.11671688388207352
                ],
                [
                    1.7277569579783864e-16,
                    -0.38905627960691214,
                    0.11671688388207352
                ],
                [
                    1.554981262180546e-16,
                    -0.3501506516462205,
                    0.15562251184276474
                ],
                [
                    8.638784789891932e-17,
                    -0.19452813980345607,
                    0.15562251184276474
                ],
                [
                    6.911027831913544e-17,
                    -0.15562251184276482,
                    0.1945281398034557
                ],
                [
                    6.911027831913544e-17,
                    -0.1556225118427659,
                    0.4603414663754852
                ],
                [
                    5.183270873935159e-17,
                    -0.11671688388207482,
                    0.49924709433617726
                ],
                [
                    -5.183270873935159e-17,
                    0.11671688388207231,
                    0.49924709433617726
                ],
                [
                    -6.911027831913544e-17,
                    0.15562251184276318,
                    0.4603414663754852
                ],
                [
                    -6.911027831913544e-17,
                    0.15562251184276482,
                    0.1945281398034557
                ],
                [
                    -8.638784789891932e-17,
                    0.19452813980345607,
                    0.15562251184276474
                ],
                [
                    -1.554981262180546e-16,
                    0.3501506516462205,
                    0.15562251184276474
                ],
                [
                    -1.7277569579783864e-16,
                    0.38905627960691214,
                    0.11671688388207352
                ],
                [
                    -1.7277569579783864e-16,
                    0.38905627960691214,
                    -0.11671688388207352
                ],
                [
                    -1.554981262180546e-16,
                    0.3501506516462205,
                    -0.15562251184276474
                ],
                [
                    -8.638784789891932e-17,
                    0.19452813980345607,
                    -0.15562251184276474
                ],
                [
                    -6.911027831913544e-17,
                    0.15562251184276482,
                    -0.1945281398034557
                ],
                [
                    -6.911027831913544e-17,
                    0.15562251184276482,
                    -0.35015065164622033
                ],
                [
                    -5.183270873935159e-17,
                    0.11671688388207363,
                    -0.3890562796069114
                ],
                [
                    5.183270873935159e-17,
                    -0.11671688388207363,
                    -0.3890562796069114
                ],
                [
                    6.911027831913544e-17,
                    -0.15562251184276482,
                    -0.35015065164622033
                ],
                [
                    6.911027831913544e-17,
                    -0.15562251184276482,
                    -0.1945281398034557
                ],
                [
                    8.638784789891932e-17,
                    -0.19452813980345607,
                    -0.15562251184276474
                ]
            ],
            "degree": 1,
            "form": 0,
            "knots": [
                0.0,
                1.0,
                2.0,
                3.0,
                4.0,
                5.0,
                6.0,
                7.0,
                8.0,
                9.0,
                10.0,
                11.0,
                12.0,
                13.0,
                14.0,
                15.0,
                16.0,
                17.0,
                18.0,
                19.0,
                20.0,
                21.0,
                22.0,
                23.0,
                24.0
            ]
        }
    ],
    "node": "CTL_ArmIK_LF1"
}