{
    "curves": [
        {
            "cvs": [
                [
                    -1.2042862176895142,
                    8.507529426796947e-33,
                    -0.2042216807603836
                ],
                [
                    -1.2042862176895142,
                    8.507529426796947e-33,
                    -0.2042216807603836
                ],
                [
                    -1.2042862176895142,
                    8.507529426796947e-33,
                    -0.2042216807603836
                ],
                [
                    -0.9994259476661682,
                    -1.2544070739455394e-17,
                    0.0006385594606399536
                ],
                [
                    -0.9994259476661682,
                    -1.2544070739455394e-17,
                    0.0006385594606399536
                ],
                [
                    -0.9994259476661682,
                    -1.2544070739455394e-17,
                    0.0006385594606399536
                ],
                [
                    -0.7945656776428223,
                    3.724504626754477e-33,
                    -0.2042216807603836
                ],
                [
                    -0.7945656776428223,
                    3.724504626754477e-33,
                    -0.2042216807603836
                ],
                [
                    -0.7945656776428223,
                    3.724504626754477e-33,
                    -0.2042216807603836
                ]
            ],
            "degree": 3,
            "form": 0,
            "knots": [
                0.0,
                0.0,
                0.0,
                1.0,
                2.0,
                3.0,
                4.0,
                5.0,
                6.0,
                6.0,
                6.0
            ]
        },
        {
            "cvs": [
                [
                    0.79523766040802,
                    -1.4990720930259632e-32,
                    -0.2042216807603836
                ],
                [
                    0.79523766040802,
                    -1.4990720930259632e-32,
                    -0.2042216807603836
                ],
                [
                    0.79523766040802,
                    -1.4990720930259632e-32,
                    -0.2042216807603836
                ],
                [
                    1.0000978708267212,
                    -1.2544070739455394e-17,
                    0.0006385594606399536
                ],
                [
                    1.0000978708267212,
                    -1.2544070739455394e-17,
                    0.0006385594606399536
                ],
                [
                    1.0000978708267212,
                    -1.2544070739455394e-17,
                    0.0006385594606399536
                ],
                [
                    1.2049580812454224,
                    -1.9773745730302101e-32,
                    -0.2042216807603836
                ],
                [
                    1.2049580812454224,
                    -1.9773745730302101e-32,
                    -0.2042216807603836
                ],
                [
                    1.2049580812454224,
                    -1.9773745730302101e-32,
                    -0.2042216807603836
                ]
            ],
            "degree": 3,
            "form": 0,
            "knots": [
                0.0,
                0.0,
                0.0,
                1.0,
                2.0,
                3.0,
                4.0,
                5.0,
                6.0,
                6.0,
                6.0
            ]
        },
        {
            "cvs": [
                [
                    -0.9994259476661682,
                    -1.2544070739455394e-17,
                    0.0006385594606399536
                ],
                [
                    -0.9994259476661682,
                    -1.2544070739455394e-17,
                    0.0006385594606399536
                ],
                [
                    -0.9994259476661682,
                    -1.2544070739455394e-17,
                    0.0006385594606399536
                ],
                [
                    -0.9871076345443726,
                    1.2022841901609193e-17,
                    -0.1963479071855545
                ],
                [
                    -0.9298350214958191,
                    2.3583653800270766e-17,
                    -0.385150283575058
                ],
                [
                    -0.836829423904419,
                    3.423815698898249e-17,
                    -0.5591515302658081
                ],
                [
                    -0.7116649150848389,
                    4.3576910299420414e-17,
                    -0.7116649150848389
                ],
                [
                    -0.5591515302658081,
                    5.1241023224854934e-17,
                    -0.836829423904419
                ],
                [
                    -0.385150283575058,
                    5.693597314510287e-17,
                    -0.9298350214958191
                ],
                [
                    -0.1963479071855545,
                    6.044290792241738e-17,
                    -0.9871076345443726
                ],
                [
                    4.081037496223476e-17,
                    6.1627053365234e-17,
                    -1.0064462423324585
                ],
                [
                    0.1963479071855545,
                    6.044290792241738e-17,
                    -0.9871076345443726
                ],
                [
                    0.385150283575058,
                    5.693597314510287e-17,
                    -0.9298350214958191
                ],
                [
                    0.5591515302658081,
                    5.1241023224854934e-17,
                    -0.836829423904419
                ],
                [
                    0.7116649150848389,
                    4.3576910299420414e-17,
                    -0.7116649150848389
                ],
                [
                    0.836829423904419,
                    3.423815698898249e-17,
                    -0.5591515302658081
                ],
                [
                    0.9298350214958191,
                    2.3583653800270766e-17,
                    -0.385150283575058
                ],
                [
                    0.9871076345443726,
                    1.2022841901609193e-17,
                    -0.1963479071855545
                ],
                [
                    1.0000978708267212,
                    -1.2544070739455394e-17,
                    0.0006385594606399536
                ],
                [
                    1.0000978708267212,
                    -1.2544070739455394e-17,
                    0.0006385594606399536
                ],
                [
                    1.0000978708267212,
                    -1.2544070739455394e-17,
                    0.0006385594606399536
                ]
            ],
            "degree": 3,
            "form": 0,
            "knots": [
                0.0,
                0.0,
                0.0,
                1.0,
                2.0,
                3.0,
                4.0,
                5.0,
                6.0,
                7.0,
                8.0,
                9.0,
                10.0,
                11.0,
                12.0,
                13.0,
                14.0,
                15.0,
                16.0,
                17.0,
                18.0,
                18.0,
                18.0
            ]
        },
        {
            "cvs": [
                [
                    -0.963797390460968,
                    1.6470186405934426e-16,
                    0.20510250329971313
                ],
                [
                    -0.963797390460968,
                    1.6470186405934426e-16,
                    0.20510250329971313
                ],
                [
                    -0.963797390460968,
                    1.6470186405934426e-16,
                    0.20510250329971313
                ],
                [
                    -0.8166477680206299,
                    1.669313474207462e-16,
                    0.20470751821994781
                ],
                [
                    -0.8166477680206299,
                    1.669313474207462e-16,
                    0.20470751821994781
                ],
                [
                    -0.8166477680206299,
                    1.669313474207462e-16,
                    0.20470751821994781
                ],
                [
                    -0.8166477680206299,
                    1.6247238069794234e-16,
                    0.27752816677093506
                ],
                [
                    -0.8166477680206299,
                    1.6247238069794234e-16,
                    0.27752816677093506
                ],
                [
                    -0.8166477680206299,
                    1.6247238069794234e-16,
                    0.27752816677093506
                ],
                [
                    -0.963797390460968,
                    1.6470186405934426e-16,
                    0.27689749002456665
                ],
                [
                    -0.963797390460968,
                    1.6470186405934426e-16,
                    0.27689749002456665
                ],
                [
                    -0.963797390460968,
                    1.6470186405934426e-16,
                    0.27689749002456665
                ],
                [
                    -0.9632845520973206,
                    1.5349346088013233e-16,
                    0.42416495084762573
                ],
                [
                    -0.9632845520973206,
                    1.5349346088013233e-16,
                    0.42416495084762573
                ],
                [
                    -0.9632845520973206,
                    1.5349346088013233e-16,
                    0.42416495084762573
                ],
                [
                    -1.0361051559448242,
                    1.5349346088013233e-16,
                    0.42416495084762573
                ],
                [
                    -1.0361051559448242,
                    1.5349346088013233e-16,
                    0.42416495084762573
                ],
                [
                    -1.0361051559448242,
                    1.5349346088013233e-16,
                    0.42416495084762573
                ],
                [
                    -1.0355924367904663,
                    1.6470186405934426e-16,
                    0.27689749002456665
                ],
                [
                    -1.0355924367904663,
                    1.6470186405934426e-16,
                    0.27689749002456665
                ],
                [
                    -1.0355924367904663,
                    1.6470186405934426e-16,
                    0.27689749002456665
                ],
                [
                    -1.1827419996261597,
                    1.6247238069794234e-16,
                    0.27752816677093506
                ],
                [
                    -1.1827419996261597,
                    1.6247238069794234e-16,
                    0.27752816677093506
                ],
                [
                    -1.1827419996261597,
                    1.6247238069794234e-16,
                    0.27752816677093506
                ],
                [
                    -1.1827419996261597,
                    1.669313474207462e-16,
                    0.20470751821994781
                ],
                [
                    -1.1827419996261597,
                    1.669313474207462e-16,
                    0.20470751821994781
                ],
                [
                    -1.1827419996261597,
                    1.669313474207462e-16,
                    0.20470751821994781
                ],
                [
                    -1.0355924367904663,
                    1.6470186405934426e-16,
                    0.20510250329971313
                ],
                [
                    -1.0355924367904663,
                    1.6470186405934426e-16,
                    0.20510250329971313
                ],
                [
                    -1.0355924367904663,
                    1.6470186405934426e-16,
                    0.20510250329971313
                ],
                [
                    -1.0361051559448242,
                    1.759102672385562e-16,
                    0.05807076394557953
                ],
                [
                    -1.0361051559448242,
                    1.759102672385562e-16,
                    0.05807076394557953
                ],
                [
                    -1.0361051559448242,
                    1.759102672385562e-16,
                    0.05807076394557953
                ],
                [
                    -0.9632845520973206,
                    1.759102672385562e-16,
                    0.05807076394557953
                ],
                [
                    -0.9632845520973206,
                    1.759102672385562e-16,
                    0.05807076394557953
                ],
                [
                    -0.9632845520973206,
                    1.759102672385562e-16,
                    0.05807076394557953
                ],
                [
                    -0.963797390460968,
                    1.6470186405934426e-16,
                    0.20510250329971313
                ],
                [
                    -0.963797390460968,
                    1.6470186405934426e-16,
                    0.20510250329971313
                ],
                [
                    -0.963797390460968,
                    1.6470186405934426e-16,
                    0.20510250329971313
                ]
            ],
            "degree": 3,
            "form": 0,
            "knots": [
                0.0,
                0.0,
                0.0,
                1.0,
                2.0,
                3.0,
                4.0,
                5.0,
                6.0,
                7.0,
                8.0,
                9.0,
                10.0,
                11.0,
                12.0,
                13.0,
                14.0,
                15.0,
                16.0,
                17.0,
                18.0,
                19.0,
                20.0,
                21.0,
                22.0,
                23.0,
                24.0,
                25.0,
                26.0,
                27.0,
                28.0,
                29.0,
                30.0,
                31.0,
                32.0,
                33.0,
                34.0,
                35.0,
                36.0,
                36.0,
                36.0
            ]
        },
        {
            "cvs": [
                [
                    1.1830470561981201,
                    1.669313474207462e-16,
                    0.20470751821994781
                ],
                [
                    1.1830470561981201,
                    1.669313474207462e-16,
                    0.20470751821994781
                ],
                [
                    1.1830470561981201,
                    1.669313474207462e-16,
                    0.20470751821994781
                ],
                [
                    1.1830470561981201,
                    1.6247238069794234e-16,
                    0.27752816677093506
                ],
                [
                    1.1830470561981201,
                    1.6247238069794234e-16,
                    0.27752816677093506
                ],
                [
                    1.1830470561981201,
                    1.6247238069794234e-16,
                    0.27752816677093506
                ],
                [
                    0.8169529438018799,
                    1.6247238069794234e-16,
                    0.27752816677093506
                ],
                [
                    0.8169529438018799,
                    1.6247238069794234e-16,
                    0.27752816677093506
                ],
                [
                    0.8169529438018799,
                    1.6247238069794234e-16,
                    0.27752816677093506
                ],
                [
                    0.8169529438018799,
                    1.669313474207462e-16,
                    0.20470751821994781
                ],
                [
                    0.8169529438018799,
                    1.669313474207462e-16,
                    0.20470751821994781
                ],
                [
                    0.8169529438018799,
                    1.669313474207462e-16,
                    0.20470751821994781
                ],
                [
                    1.1830470561981201,
                    1.669313474207462e-16,
                    0.20470751821994781
                ],
                [
                    1.1830470561981201,
                    1.669313474207462e-16,
                    0.20470751821994781
                ],
                [
                    1.1830470561981201,
                    1.669313474207462e-16,
                    0.20470751821994781
                ]
            ],
            "degree": 3,
            "form": 0,
            "knots": [
                0.0,
                0.0,
                0.0,
                1.0,
                2.0,
                3.0,
                4.0,
                5.0,
                6.0,
                7.0,
                8.0,
                9.0,
                10.0,
                11.0,
                12.0,
                12.0,
                12.0
            ]
        }
    ],
    "node": "null1"
}