{
    "curves": [
        {
            "cvs": [
                [
                    0.0,
                    1.461238830120801e-05,
                    -0.4997582922896151
                ],
                [
                    -0.19125180888231066,
                    9.741592200805337e-06,
                    -0.46171737474547003
                ],
                [
                    -0.3533859986764144,
                    9.741592200805337e-06,
                    -0.3533859986764144
                ],
                [
                    -0.46171737474547003,
                    4.870796100402668e-06,
                    -0.19125180888231066
                ],
                [
                    -0.4997582922896151,
                    0.0,
                    0.0
                ],
                [
                    -0.46171737474547003,
                    -4.870796100402668e-06,
                    0.19125180888231066
                ],
                [
                    -0.3533859986764144,
                    -9.741592200805337e-06,
                    0.3533859986764144
                ],
                [
                    -0.19125180888231066,
                    -9.741592200805337e-06,
                    0.46171737474547003
                ],
                [
                    0.0,
                    -1.461238830120801e-05,
                    0.4997582922896151
                ],
                [
                    0.19125180888231066,
                    -9.741592200805337e-06,
                    0.46171737474547003
                ],
                [
                    0.3533859986764144,
                    -9.741592200805337e-06,
                    0.3533859986764144
                ],
                [
                    0.46171737474547003,
                    -4.870796100402668e-06,
                    0.19125180888231066
                ],
                [
                    0.4997582922896151,
                    0.0,
                    0.0
                ],
                [
                    0.46171737474547003,
                    4.870796100402668e-06,
                    -0.19125180888231066
                ],
                [
                    0.3533859986764144,
                    9.741592200805337e-06,
                    -0.3533859986764144
                ],
                [
                    0.19125180888231066,
                    9.741592200805337e-06,
                    -0.46171737474547003
                ],
                [
                    0.0,
                    1.461238830120801e-05,
                    -0.4997582922896151
                ]
            ],
            "degree": 1,
            "form": 0,
            "knots": [
                0.0,
                1.0,
                2.0,
                3.0,
                4.0,
                5.0,
                6.0,
                7.0,
                8.0,
                9.0,
                10.0,
                11.0,
                12.0,
                13.0,
                14.0,
                15.0,
                16.0
            ]
        }
    ],
    "node": "transform1"
}